1,"北千住駅","JR常磐線ほか",0.1km,"徒歩1分以上",1,"2019-01-14 06:37:12.326014","2019-01-14 06:37:12.326014"
2,"神泉駅","京王井の頭線",0.7km,"徒歩9分以上",2,"2019-01-14 06:37:13.441030","2019-01-14 06:37:13.441030"
3,"新宿三丁目駅","東京メトロ丸ノ内線ほか",0.3km,"徒歩3分以上",3,"2019-01-14 06:37:14.439954","2019-01-14 06:37:14.439954"
4,"渋谷駅","JR山手線ほか",0.3km,"徒歩4分以上",4,"2019-01-14 06:37:15.486364","2019-01-14 06:37:15.486364"
5,"新宿西口駅","東京都営大江戸線",0.1km,"徒歩3分以内",5,"2019-01-14 06:37:16.493643","2019-01-14 06:37:16.493643"
6,"恵比寿駅","JR山手線ほか",0.3km,"徒歩4分以上",6,"2019-01-14 06:37:17.470141","2019-01-14 06:37:17.470141"
7,"池袋駅","JR山手線ほか",0.3km,"徒歩4分以上",7,"2019-01-14 06:37:18.523354","2019-01-14 06:37:18.523354"
8,"湯島駅","東京メトロ千代田線",0.2km,"徒歩2分以上",8,"2019-01-14 06:37:19.235190","2019-01-14 06:37:19.235190"
9,"新宿西口駅","東京都営大江戸線",0.1km,"徒歩3分以内",9,"2019-01-14 06:37:20.394691","2019-01-14 06:37:20.394691"
10,"新宿西口駅","東京都営大江戸線",0.2km,"徒歩2分以上",10,"2019-01-14 06:37:21.603889","2019-01-14 06:37:21.603889"
11,"神田駅","JR東北本線ほか",0.3km,"徒歩3分以上",11,"2019-01-14 06:37:22.598721","2019-01-14 06:37:22.598721"
12,"上野駅","JR東北新幹線ほか",0.3km,"徒歩3分以上",12,"2019-01-14 06:37:23.600841","2019-01-14 06:37:23.600841"
13,"大塚駅","JR山手線","","徒歩3分以内",13,"2019-01-14 06:37:24.592280","2019-01-14 06:37:24.592280"
14,"赤羽橋駅","東京都営大江戸線",0.2km,"徒歩3分以上",14,"2019-01-14 06:37:25.580799","2019-01-14 06:37:25.580799"
15,"練馬駅","東京都営大江戸線ほか",0.2km,"徒歩2分以上",15,"2019-01-14 06:37:26.699603","2019-01-14 06:37:26.699603"
16,"五反田駅","JR山手線ほか",0.3km,"徒歩4分以上",16,"2019-01-14 06:37:27.851214","2019-01-14 06:37:27.851214"
17,"高田馬場駅","JR山手線ほか",0.2km,"徒歩2分以上",17,"2019-01-14 06:37:28.865636","2019-01-14 06:37:28.865636"
18,"神泉駅","京王井の頭線",0.3km,"徒歩3分以上",18,"2019-01-14 06:37:29.830687","2019-01-14 06:37:29.830687"
19,"平井駅","JR総武本線",0.4km,"徒歩5分以上",19,"2019-01-14 06:37:30.965995","2019-01-14 06:37:30.965995"
20,"神泉駅","京王井の頭線",0.4km,"徒歩5分以上",20,"2019-01-14 06:37:31.958588","2019-01-14 06:37:31.958588"
21,"東銀座駅","東京メトロ日比谷線ほか",0.2km,"徒歩2分以上",21,"2019-01-14 06:37:33.877254","2019-01-14 06:37:33.877254"
22,"幡ヶ谷駅","京王京王線",0.4km,"徒歩5分以上",22,"2019-01-14 06:37:34.926463","2019-01-14 06:37:34.926463"
23,"自由が丘駅","東急東横線ほか",0.4km,"徒歩5分以上",23,"2019-01-14 06:37:35.968497","2019-01-14 06:37:35.968497"
24,"神保町駅","東京都営三田線ほか",0.2km,"徒歩2分以上",24,"2019-01-14 06:37:37.073080","2019-01-14 06:37:37.073080"
25,"池袋駅","JR山手線ほか",0.2km,"徒歩2分以上",25,"2019-01-14 06:37:38.061261","2019-01-14 06:37:38.061261"
26,"下北沢駅","小田急小田原線ほか",0.2km,"徒歩2分以上",26,"2019-01-14 06:37:39.118260","2019-01-14 06:37:39.118260"
27,"池袋駅","JR山手線ほか",0.4km,"徒歩5分以上",27,"2019-01-14 06:37:40.098556","2019-01-14 06:37:40.098556"
28,"新井薬師前駅","西武新宿線",1.2km,"徒歩16分以上",28,"2019-01-14 06:37:41.059548","2019-01-14 06:37:41.059548"
29,"新宿三丁目駅","東京メトロ丸ノ内線ほか",0.5km,"徒歩6分以上",29,"2019-01-14 06:37:42.070808","2019-01-14 06:37:42.070808"
30,"御茶ノ水駅","JR中央本線ほか",0.2km,"徒歩3分以上",30,"2019-01-14 06:37:43.130867","2019-01-14 06:37:43.130867"
31,"神保町駅","東京都営三田線ほか",0.2km,"徒歩2分以上",31,"2019-01-14 06:37:44.199313","2019-01-14 06:37:44.199313"
32,"高田馬場駅","JR山手線ほか",0.4km,"徒歩6分以上",32,"2019-01-14 06:37:45.222579","2019-01-14 06:37:45.222579"
33,"渋谷駅","JR山手線ほか",0.3km,"徒歩3分以上",33,"2019-01-14 06:37:46.226718","2019-01-14 06:37:46.226718"
34,"大山駅","東武東上本線",0.3km,"徒歩3分以上",34,"2019-01-14 06:37:47.554349","2019-01-14 06:37:47.554349"
35,"汐留駅","東京都営大江戸線ほか",0.3km,"徒歩4分以上",35,"2019-01-14 06:37:48.304713","2019-01-14 06:37:48.304713"
36,"高田馬場駅","JR山手線ほか",0.3km,"徒歩3分以上",36,"2019-01-14 06:37:49.292629","2019-01-14 06:37:49.292629"
37,"新御茶ノ水駅","東京メトロ千代田線",0.4km,"徒歩5分以上",37,"2019-01-14 06:37:50.339865","2019-01-14 06:37:50.339865"
38,"亀戸駅","JR総武本線ほか",0.4km,"徒歩5分以上",38,"2019-01-14 06:37:51.320684","2019-01-14 06:37:51.320684"
39,"高輪台駅","東京都営浅草線","","徒歩3分以内",39,"2019-01-14 06:37:52.379058","2019-01-14 06:37:52.379058"
40,"初台駅","京王京王線",0.2km,"徒歩2分以上",40,"2019-01-14 06:37:53.356084","2019-01-14 06:37:53.356084"
41,"奥沢駅","東急目黒線",0.1km,"徒歩1分以上",41,"2019-01-14 06:37:55.535734","2019-01-14 06:37:55.535734"
42,"東池袋駅","東京メトロ有楽町線",0.5km,"徒歩7分以上",42,"2019-01-14 06:37:56.555898","2019-01-14 06:37:56.555898"
43,"高田馬場駅","JR山手線ほか",0.2km,"徒歩2分以上",43,"2019-01-14 06:37:57.610769","2019-01-14 06:37:57.610769"
44,"池袋駅","JR山手線ほか",0.3km,"徒歩4分以上",44,"2019-01-14 06:37:58.575503","2019-01-14 06:37:58.575503"
45,"新宿三丁目駅","東京メトロ丸ノ内線ほか",0.3km,"徒歩4分以上",45,"2019-01-14 06:37:59.608517","2019-01-14 06:37:59.608517"
46,"渋谷駅","JR山手線ほか",0.2km,"徒歩3分以上",46,"2019-01-14 06:38:00.582217","2019-01-14 06:38:00.582217"
47,"下北沢駅","小田急小田原線ほか",0.3km,"徒歩3分以上",47,"2019-01-14 06:38:01.668533","2019-01-14 06:38:01.668533"
48,"池袋駅","JR山手線ほか",0.2km,"徒歩3分以上",48,"2019-01-14 06:38:02.689060","2019-01-14 06:38:02.689060"
49,"下北沢駅","小田急小田原線ほか",0.4km,"徒歩5分以上",49,"2019-01-14 06:38:03.749653","2019-01-14 06:38:03.749653"
50,"秋葉原駅","JR東北本線ほか",0.2km,"徒歩2分以上",50,"2019-01-14 06:38:04.747536","2019-01-14 06:38:04.747536"
51,"渋谷駅","JR山手線ほか",0.3km,"徒歩3分以上",51,"2019-01-14 06:38:05.848628","2019-01-14 06:38:05.848628"
52,"東松原駅","京王井の頭線","","徒歩3分以内",52,"2019-01-14 06:38:08.148699","2019-01-14 06:38:08.148699"
53,"都立大学駅","東急東横線","","徒歩3分以内",53,"2019-01-14 06:38:09.117892","2019-01-14 06:38:09.117892"
54,"駒沢大学駅","東急田園都市線",0.3km,"徒歩3分以上",54,"2019-01-14 06:38:10.192429","2019-01-14 06:38:10.192429"
55,"野方駅","西武新宿線",0.1km,"徒歩3分以内",55,"2019-01-14 06:38:11.342599","2019-01-14 06:38:11.342599"
56,"大塚駅","JR山手線",0.4km,"徒歩5分以上",56,"2019-01-14 06:38:12.439993","2019-01-14 06:38:12.439993"
57,"赤坂駅","東京メトロ千代田線",0.1km,"徒歩2分以上",57,"2019-01-14 06:38:13.426562","2019-01-14 06:38:13.426562"
58,"西葛西駅","東京メトロ東西線",0.2km,"徒歩2分以上",58,"2019-01-14 06:38:14.801385","2019-01-14 06:38:14.801385"
59,"西武新宿駅","西武新宿線","","徒歩3分以内",59,"2019-01-14 06:38:15.811407","2019-01-14 06:38:15.811407"
60,"葛西駅","東京メトロ東西線",0.1km,"徒歩1分以上",60,"2019-01-14 06:38:24.619715","2019-01-14 06:38:24.619715"
61,"一之江駅","東京都営新宿線",0.7km,"徒歩9分以上",61,"2019-01-14 06:38:41.263153","2019-01-14 06:38:41.263153"
62,"小岩駅","JR総武本線",0.2km,"徒歩3分以上",62,"2019-01-14 06:38:42.699137","2019-01-14 06:38:42.699137"
63,"大塚駅前駅","東京都営荒川線",0.3km,"徒歩4分以上",63,"2019-01-14 06:38:56.823295","2019-01-14 06:38:56.823295"
64,"小岩駅","JR総武本線",0.2km,"徒歩3分以上",64,"2019-01-14 06:38:57.933214","2019-01-14 06:38:57.933214"
65,"幡ヶ谷駅","京王京王線","","徒歩3分以内",65,"2019-01-14 06:38:59.069650","2019-01-14 06:38:59.069650"
66,"芝浦ふ頭駅","ゆりかもめ東京臨海新交通臨海線",0.6km,"徒歩8分以上",66,"2019-01-14 06:39:03.023611","2019-01-14 06:39:03.023611"
67,"西日暮里駅","JR東北本線＜京浜東北線＞ほか",0.2km,"徒歩2分以上",67,"2019-01-14 06:39:04.930487","2019-01-14 06:39:04.930487"
68,"目黒駅","JR山手線ほか",0.1km,"徒歩1分以上",68,"2019-01-14 06:39:05.996492","2019-01-14 06:39:05.996492"
69,"麻布十番駅","東京メトロ南北線ほか",0.2km,"徒歩2分以上",69,"2019-01-14 06:39:06.999936","2019-01-14 06:39:06.999936"
70,"都立大学駅","東急東横線",0.1km,"徒歩1分以上",70,"2019-01-14 06:39:08.042174","2019-01-14 06:39:08.042174"
71,"青山一丁目駅","東京メトロ銀座線ほか",0.5km,"徒歩6分以上",71,"2019-01-14 06:39:09.382375","2019-01-14 06:39:09.382375"
72,"末広町駅","東京メトロ銀座線",0.1km,"徒歩3分以内",72,"2019-01-14 06:39:10.424040","2019-01-14 06:39:10.424040"
73,"中野富士見町駅","東京メトロ丸ノ内線（方南町支線）",0.4km,"徒歩5分以上",73,"2019-01-14 06:39:49.101402","2019-01-14 06:39:49.101402"
74,"西新井駅","東武伊勢崎線ほか",0.4km,"徒歩5分以上",74,"2019-01-14 06:40:16.517683","2019-01-14 06:40:16.517683"
75,"赤羽駅","JR東北本線ほか",0.5km,"徒歩6分以上",75,"2019-01-14 06:40:43.625998","2019-01-14 06:40:43.625998"
76,"中野駅","JR中央本線ほか",0.8km,"徒歩11分以上",76,"2019-01-14 06:40:44.910167","2019-01-14 06:40:44.910167"
77,"板橋本町駅","東京都営三田線",0.5km,"徒歩6分以上",77,"2019-01-14 06:40:51.585217","2019-01-14 06:40:51.585217"
78,"下北沢駅","小田急小田原線ほか",0.1km,"徒歩2分以上",78,"2019-01-14 06:40:55.495315","2019-01-14 06:40:55.495315"
79,"東十条駅","JR東北本線＜京浜東北線＞",0.6km,"徒歩7分以上",79,"2019-01-14 06:40:57.770578","2019-01-14 06:40:57.770578"
80,"新高円寺駅","東京メトロ丸ノ内線","","徒歩3分以内",80,"2019-01-14 06:40:59.669990","2019-01-14 06:40:59.669990"
81,"戸田公園駅","JR東北本線＜埼京線＞",0.7km,"徒歩9分以上",81,"2019-01-14 06:41:14.378931","2019-01-14 06:41:14.378931"
82,"南新宿駅","小田急小田原線",0.3km,"徒歩4分以上",82,"2019-01-14 06:41:42.965870","2019-01-14 06:41:42.965870"
83,"江古田駅","西武池袋線",0.2km,"徒歩2分以上",83,"2019-01-14 06:42:01.779615","2019-01-14 06:42:01.779615"
84,"清澄白河駅","東京都営大江戸線ほか",0.4km,"徒歩6分以上",84,"2019-01-14 06:42:40.066417","2019-01-14 06:42:40.066417"
85,"赤羽岩淵駅","東京メトロ南北線ほか",0.3km,"徒歩3分以上",85,"2019-01-14 06:43:12.306864","2019-01-14 06:43:12.306864"
86,"東池袋駅","東京メトロ有楽町線",0.1km,"徒歩1分以上",86,"2019-01-14 06:43:20.413149","2019-01-14 06:43:20.413149"
87,"蒲田駅","JR東海道本線ほか",0.2km,"徒歩3分以上",87,"2019-01-14 06:43:40.742300","2019-01-14 06:43:40.742300"
88,"平和島駅","京急本線",0.5km,"徒歩7分以上",88,"2019-01-14 06:43:58.604542","2019-01-14 06:43:58.604542"
89,"戸越公園駅","東急大井町線",0.3km,"徒歩3分以上",89,"2019-01-14 06:44:07.756933","2019-01-14 06:44:07.756933"
90,"牛込神楽坂駅","東京都営大江戸線",0.3km,"徒歩4分以上",90,"2019-01-14 06:44:09.625487","2019-01-14 06:44:09.625487"
91,"京急蒲田駅","京急本線ほか",0.2km,"徒歩2分以上",91,"2019-01-14 06:44:10.793413","2019-01-14 06:44:10.793413"
92,"三田駅","東京都営浅草線ほか",0.5km,"徒歩6分以上",92,"2019-01-14 06:44:13.062892","2019-01-14 06:44:13.062892"
93,"飯田橋駅","JR中央本線ほか",0.2km,"徒歩2分以上",93,"2019-01-14 06:44:14.902278","2019-01-14 06:44:14.902278"
94,"外苑前駅","東京メトロ銀座線",0.3km,"徒歩3分以上",94,"2019-01-14 06:44:15.992258","2019-01-14 06:44:15.992258"
95,"茗荷谷駅","東京メトロ丸ノ内線",0.1km,"徒歩1分以上",95,"2019-01-14 06:44:17.108024","2019-01-14 06:44:17.108024"
96,"千鳥町駅","東急池上線",0.2km,"徒歩2分以上",96,"2019-01-14 06:44:17.807335","2019-01-14 06:44:17.807335"
97,"神保町駅","東京都営三田線ほか",0.3km,"徒歩4分以上",97,"2019-01-14 06:44:19.115983","2019-01-14 06:44:19.115983"
98,"新宿三丁目駅","東京メトロ丸ノ内線ほか",0.4km,"徒歩5分以上",98,"2019-01-14 06:44:20.319025","2019-01-14 06:44:20.319025"
99,"三田駅","東京都営浅草線ほか",0.3km,"徒歩4分以上",99,"2019-01-14 06:44:21.464874","2019-01-14 06:44:21.464874"
100,"乃木坂駅","東京メトロ千代田線",0.2km,"徒歩2分以上",100,"2019-01-14 06:44:22.616270","2019-01-14 06:44:22.616270"
101,"森下駅","東京都営新宿線ほか",0.1km,"徒歩1分以上",101,"2019-01-14 06:44:24.460040","2019-01-14 06:44:24.460040"
102,"川崎駅","JR東海道本線ほか",0.5km,"徒歩7分以上",102,"2019-01-14 06:44:28.667389","2019-01-14 06:44:28.667389"
103,"元住吉駅","東急東横線",0.5km,"徒歩6分以上",103,"2019-01-14 06:44:37.727676","2019-01-14 06:44:37.727676"
104,"新丸子駅","東急東横線",0.1km,"徒歩3分以内",104,"2019-01-14 06:44:38.867304","2019-01-14 06:44:38.867304"
105,"武蔵小杉駅","JR南武線ほか",0.3km,"徒歩3分以上",105,"2019-01-14 06:44:50.219772","2019-01-14 06:44:50.219772"
106,"川崎駅","JR東海道本線ほか",0.5km,"徒歩6分以上",106,"2019-01-14 06:44:53.364562","2019-01-14 06:44:53.364562"
107,"鶴見駅","JR東海道本線ほか",1.4km,"徒歩19分以上",107,"2019-01-14 06:44:58.108319","2019-01-14 06:44:58.108319"
108,"駒沢大学駅","東急田園都市線",0.8km,"徒歩11分以上",108,"2019-01-14 06:45:04.009799","2019-01-14 06:45:04.009799"
109,"等々力駅","東急大井町線",0.1km,"徒歩1分以上",109,"2019-01-14 06:45:09.644201","2019-01-14 06:45:09.644201"
110,"梅ヶ丘駅","小田急小田原線",0.1km,"徒歩3分以内",110,"2019-01-14 06:45:11.915136","2019-01-14 06:45:11.915136"
111,"雪が谷大塚駅","東急池上線",0.3km,"徒歩4分以上",111,"2019-01-14 06:45:13.230103","2019-01-14 06:45:13.230103"
112,"三軒茶屋駅","東急田園都市線ほか",0.2km,"徒歩2分以上",112,"2019-01-14 06:45:15.523201","2019-01-14 06:45:15.523201"
113,"荏原中延駅","東急池上線",0.3km,"徒歩3分以上",113,"2019-01-14 06:45:16.192408","2019-01-14 06:45:16.192408"
114,"笹塚駅","京王京王線",0.5km,"徒歩6分以上",114,"2019-01-14 06:45:17.319754","2019-01-14 06:45:17.319754"
115,"自由が丘駅","東急東横線ほか",0.4km,"徒歩5分以上",115,"2019-01-14 06:45:18.175473","2019-01-14 06:45:18.175473"
116,"五反田駅","JR山手線ほか",0.4km,"徒歩5分以上",116,"2019-01-14 06:45:19.346244","2019-01-14 06:45:19.346244"
117,"代々木駅","JR中央本線ほか",0.4km,"徒歩5分以上",117,"2019-01-14 06:45:20.446321","2019-01-14 06:45:20.446321"
118,"荻窪駅","JR中央本線ほか",0.1km,"徒歩1分以上",118,"2019-01-14 06:45:49.223350","2019-01-14 06:45:49.223350"
119,"千歳烏山駅","京王京王線",0.8km,"徒歩11分以上",119,"2019-01-14 06:45:51.925354","2019-01-14 06:45:51.925354"
120,"千歳烏山駅","京王京王線",0.1km,"徒歩1分以上",120,"2019-01-14 06:45:53.966549","2019-01-14 06:45:53.966549"
121,"宮前平駅","東急田園都市線",0.5km,"徒歩6分以上",121,"2019-01-14 06:45:57.090702","2019-01-14 06:45:57.090702"
122,"荻窪駅","JR中央本線ほか",0.4km,"徒歩5分以上",122,"2019-01-14 06:46:03.766773","2019-01-14 06:46:03.766773"
123,"西馬込駅","東京都営浅草線",0.4km,"徒歩5分以上",123,"2019-01-14 06:46:26.257740","2019-01-14 06:46:26.257740"
124,"目黒駅","JR山手線ほか",0.2km,"徒歩3分以上",124,"2019-01-14 06:46:27.467611","2019-01-14 06:46:27.467611"
125,"天王洲アイル駅","東京モノレール東京モノレール羽田線ほか",0.3km,"徒歩4分以上",125,"2019-01-14 06:46:28.208130","2019-01-14 06:46:28.208130"
126,"旗の台駅","東急池上線ほか",0.2km,"徒歩3分以上",126,"2019-01-14 06:46:29.578240","2019-01-14 06:46:29.578240"
127,"昭和島駅","東京モノレール東京モノレール羽田線",0.5km,"徒歩6分以上",127,"2019-01-14 06:46:31.821057","2019-01-14 06:46:31.821057"
128,"祐天寺駅","東急東横線",0.4km,"徒歩5分以上",128,"2019-01-14 06:46:33.131168","2019-01-14 06:46:33.131168"
129,"西小山駅","東急目黒線",0.6km,"徒歩9分以上",129,"2019-01-14 06:46:34.418113","2019-01-14 06:46:34.418113"
130,"大鳥居駅","京急空港線",0.4km,"徒歩5分以上",130,"2019-01-14 06:46:35.612673","2019-01-14 06:46:35.612673"
131,"国際展示場駅","東京臨海高速鉄道東京臨海高速鉄道りんかい線",0.5km,"徒歩6分以上",131,"2019-01-14 06:46:36.884027","2019-01-14 06:46:36.884027"
132,"整備場駅","東京モノレール東京モノレール羽田線",0.6km,"徒歩8分以上",132,"2019-01-14 06:46:38.070183","2019-01-14 06:46:38.070183"
133,"祐天寺駅","東急東横線",0.1km,"徒歩1分以上",133,"2019-01-14 06:46:38.763869","2019-01-14 06:46:38.763869"
134,"荏原中延駅","東急池上線",0.5km,"徒歩6分以上",134,"2019-01-14 06:46:40.000106","2019-01-14 06:46:40.000106"
135,"目黒駅","JR山手線ほか",0.1km,"徒歩1分以上",135,"2019-01-14 06:46:40.696703","2019-01-14 06:46:40.696703"
136,"三軒茶屋駅","東急田園都市線ほか",0.6km,"徒歩7分以上",136,"2019-01-14 06:46:41.904028","2019-01-14 06:46:41.904028"
137,"目黒駅","JR山手線ほか",0.6km,"徒歩8分以上",137,"2019-01-14 06:46:42.593318","2019-01-14 06:46:42.593318"
138,"都立大学駅","東急東横線",0.7km,"徒歩9分以上",138,"2019-01-14 06:46:43.712924","2019-01-14 06:46:43.712924"
139,"生田駅","小田急小田原線",0.3km,"徒歩4分以上",139,"2019-01-14 06:46:56.883428","2019-01-14 06:46:56.883428"
140,"狛江駅","小田急小田原線","","徒歩3分以内",140,"2019-01-14 06:47:10.616314","2019-01-14 06:47:10.616314"
141,"登戸駅","JR南武線ほか",0.1km,"徒歩3分以内",141,"2019-01-14 06:47:13.468571","2019-01-14 06:47:13.468571"
142,"荻窪駅","JR中央本線ほか",0.4km,"徒歩5分以上",142,"2019-01-14 06:47:17.600992","2019-01-14 06:47:17.600992"
143,"武蔵関駅","西武新宿線",0.3km,"徒歩3分以上",143,"2019-01-14 06:47:21.510804","2019-01-14 06:47:21.510804"
144,"吉祥寺駅","JR中央本線ほか",0.3km,"徒歩3分以上",144,"2019-01-14 06:47:25.028613","2019-01-14 06:47:25.028613"
145,"吉祥寺駅","JR中央本線ほか",0.1km,"徒歩2分以上",145,"2019-01-14 06:47:32.571739","2019-01-14 06:47:32.571739"
146,"喜多見駅","小田急小田原線",0.6km,"徒歩9分以上",146,"2019-01-14 06:47:37.649703","2019-01-14 06:47:37.649703"
147,"経堂駅","小田急小田原線",0.2km,"徒歩3分以上",147,"2019-01-14 06:48:21.512496","2019-01-14 06:48:21.512496"
148,"朝霞駅","東武東上本線",0.5km,"徒歩7分以上",148,"2019-01-14 06:49:03.072038","2019-01-14 06:49:03.072038"
149,"上石神井駅","西武新宿線",0.2km,"徒歩2分以上",149,"2019-01-14 06:49:05.930857","2019-01-14 06:49:05.930857"
150,"高井戸駅","京王井の頭線",0.7km,"徒歩9分以上",150,"2019-01-14 06:49:10.769087","2019-01-14 06:49:10.769087"
151,"下北沢駅","小田急小田原線ほか",0.2km,"徒歩2分以上",151,"2019-01-14 06:50:54.328628","2019-01-14 06:50:54.328628"
152,"蓮根駅","東京都営三田線",0.2km,"徒歩3分以上",152,"2019-01-14 06:51:23.423526","2019-01-14 06:51:23.423526"
153,"新井薬師前駅","西武新宿線",0.4km,"徒歩6分以上",153,"2019-01-14 06:51:41.164633","2019-01-14 06:51:41.164633"
154,"ときわ台駅","東武東上本線",0.2km,"徒歩3分以上",154,"2019-01-14 06:51:41.837893","2019-01-14 06:51:41.837893"
155,"竹ノ塚駅","東武伊勢崎線",0.1km,"徒歩2分以上",155,"2019-01-14 06:51:42.887089","2019-01-14 06:51:42.887089"
156,"落合駅","東京メトロ東西線",0.3km,"徒歩4分以上",156,"2019-01-14 06:51:43.917709","2019-01-14 06:51:43.917709"
157,"西川口駅","JR東北本線",0.4km,"徒歩5分以上",157,"2019-01-14 06:51:44.575742","2019-01-14 06:51:44.575742"
158,"新江古田駅","東京都営大江戸線",0.3km,"徒歩4分以上",158,"2019-01-14 06:52:32.198320","2019-01-14 06:52:32.198320"
159,"南浦和駅","JR東北本線ほか",0.3km,"徒歩3分以上",159,"2019-01-14 06:53:27.183946","2019-01-14 06:53:27.183946"
160,"田無駅","西武新宿線",0.4km,"徒歩5分以上",160,"2019-01-14 06:53:39.405502","2019-01-14 06:53:39.405502"
161,"吉祥寺駅","JR中央本線ほか",0.5km,"徒歩6分以上",161,"2019-01-14 06:53:55.805125","2019-01-14 06:53:55.805125"
162,"吉祥寺駅","JR中央本線ほか",0.3km,"徒歩4分以上",162,"2019-01-14 06:54:00.128444","2019-01-14 06:54:00.128444"
163,"石神井公園駅","西武池袋線",0.3km,"徒歩4分以上",163,"2019-01-14 06:54:05.666477","2019-01-14 06:54:05.666477"
164,"千歳烏山駅","京王京王線",0.2km,"徒歩3分以上",164,"2019-01-14 06:54:06.798061","2019-01-14 06:54:06.798061"
165,"北朝霞駅","JR武蔵野線","","徒歩3分以内",165,"2019-01-14 06:54:09.570148","2019-01-14 06:54:09.570148"
166,"ひばりヶ丘駅","西武池袋線",0.1km,"徒歩1分以上",166,"2019-01-14 06:54:10.242905","2019-01-14 06:54:10.242905"
167,"吉祥寺駅","JR中央本線ほか",1.3km,"徒歩18分以上",167,"2019-01-14 06:54:11.384938","2019-01-14 06:54:11.384938"
168,"草加駅","東武伊勢崎線",2.8km,"徒歩40分以上",168,"2019-01-14 06:54:59.064952","2019-01-14 06:54:59.064952"
169,"小台駅","東京都営荒川線",0.6km,"徒歩8分以上",169,"2019-01-14 06:55:01.056029","2019-01-14 06:55:01.056029"
170,"京成八幡駅","京成本線",0.5km,"徒歩6分以上",170,"2019-01-14 06:55:03.798973","2019-01-14 06:55:03.798973"
171,"綾瀬駅","JR常磐線ほか",0.1km,"徒歩1分以上",171,"2019-01-14 06:55:10.806623","2019-01-14 06:55:10.806623"
172,"西船橋駅","JR総武本線ほか",0.2km,"徒歩2分以上",172,"2019-01-14 06:55:13.375707","2019-01-14 06:55:13.375707"
173,"小岩駅","JR総武本線",0.2km,"徒歩3分以上",173,"2019-01-14 06:55:17.466202","2019-01-14 06:55:17.466202"
174,"八柱駅","新京成電鉄新京成線",0.3km,"徒歩4分以上",174,"2019-01-14 06:55:20.536778","2019-01-14 06:55:20.536778"
175,"葛西駅","東京メトロ東西線",0.6km,"徒歩8分以上",175,"2019-01-14 06:55:22.885175","2019-01-14 06:55:22.885175"
176,"綾瀬駅","JR常磐線ほか",0.3km,"徒歩4分以上",176,"2019-01-14 06:55:23.897949","2019-01-14 06:55:23.897949"
177,"神田駅","JR東北本線ほか",0.4km,"徒歩6分以上",177,"2019-01-14 06:55:25.102951","2019-01-14 06:55:25.102951"
178,"南千住駅","JR常磐線ほか",0.7km,"徒歩9分以上",178,"2019-01-14 06:55:26.320380","2019-01-14 06:55:26.320380"
179,"草加駅","東武伊勢崎線",3.5km,"徒歩49分以上",179,"2019-01-14 06:55:28.337735","2019-01-14 06:55:28.337735"
180,"西日暮里駅","JR東北本線＜京浜東北線＞ほか",0.2km,"徒歩3分以上",180,"2019-01-14 06:55:29.428980","2019-01-14 06:55:29.428980"
181,"淡路町駅","東京メトロ丸ノ内線",0.1km,"徒歩3分以内",181,"2019-01-14 06:55:30.619821","2019-01-14 06:55:30.619821"
182,"北小金駅","JR常磐線",1.3km,"徒歩18分以上",182,"2019-01-14 06:55:31.291473","2019-01-14 06:55:31.291473"
183,"菅野駅","京成本線",0.7km,"徒歩9分以上",183,"2019-01-14 06:55:32.469909","2019-01-14 06:55:32.469909"
184,"四ツ木駅","京成押上線",0.7km,"徒歩9分以上",184,"2019-01-14 06:55:33.724937","2019-01-14 06:55:33.724937"
185,"鶯谷駅","JR東北本線＜京浜東北線＞",0.3km,"徒歩4分以上",185,"2019-01-14 06:55:34.929270","2019-01-14 06:55:34.929270"
186,"入谷駅","東京メトロ日比谷線",0.3km,"徒歩3分以上",186,"2019-01-14 06:55:37.035081","2019-01-14 06:55:37.035081"
187,"金町駅","JR常磐線",0.1km,"徒歩1分以上",187,"2019-01-14 06:55:37.707842","2019-01-14 06:55:37.707842"
188,"新御徒町駅","東京都営大江戸線",0.2km,"徒歩2分以上",188,"2019-01-14 06:55:38.855582","2019-01-14 06:55:38.855582"
189,"門前仲町駅","東京メトロ東西線ほか",0.3km,"徒歩4分以上",189,"2019-01-14 06:55:40.688018","2019-01-14 06:55:40.688018"
190,"行徳駅","東京メトロ東西線",0.3km,"徒歩3分以上",190,"2019-01-14 06:55:41.755235","2019-01-14 06:55:41.755235"
191,"両国駅","JR総武本線（緩行線）ほか",0.2km,"徒歩2分以上",191,"2019-01-14 06:55:43.009255","2019-01-14 06:55:43.009255"
192,"南千住駅","JR常磐線ほか",0.7km,"徒歩10分以上",192,"2019-01-14 06:55:44.145177","2019-01-14 06:55:44.145177"
193,"入谷駅","東京メトロ日比谷線",0.4km,"徒歩5分以上",193,"2019-01-14 06:55:45.189119","2019-01-14 06:55:45.189119"
194,"綾瀬駅","JR常磐線ほか",0.7km,"徒歩10分以上",194,"2019-01-14 06:55:46.431840","2019-01-14 06:55:46.431840"
195,"北千住駅","JR常磐線ほか",0.5km,"徒歩7分以上",195,"2019-01-14 06:55:47.444374","2019-01-14 06:55:47.444374"
196,"新御徒町駅","東京都営大江戸線",0.2km,"徒歩2分以上",196,"2019-01-14 06:55:48.652559","2019-01-14 06:55:48.652559"
197,"一之江駅","東京都営新宿線",0.7km,"徒歩9分以上",197,"2019-01-14 06:55:50.134398","2019-01-14 06:55:50.134398"
198,"森下駅","東京都営新宿線ほか",0.3km,"徒歩4分以上",198,"2019-01-14 06:55:51.263888","2019-01-14 06:55:51.263888"
199,"千駄木駅","東京メトロ千代田線",0.2km,"徒歩2分以上",199,"2019-01-14 06:55:54.820220","2019-01-14 06:55:54.820220"
200,"新松戸駅","JR常磐線ほか",0.2km,"徒歩2分以上",200,"2019-01-14 06:55:55.904910","2019-01-14 06:55:55.904910"
201,"稲荷町駅","東京メトロ銀座線",0.3km,"徒歩4分以上",201,"2019-01-14 06:55:57.281907","2019-01-14 06:55:57.281907"
202,"門前仲町駅","東京メトロ東西線ほか",0.3km,"徒歩4分以上",202,"2019-01-14 06:55:58.691490","2019-01-14 06:55:58.691490"
203,"秋葉原駅","JR東北本線ほか",0.1km,"徒歩1分以上",203,"2019-01-14 06:55:59.871125","2019-01-14 06:55:59.871125"
204,"八王子駅","JR中央本線ほか",0.3km,"徒歩3分以上",204,"2019-01-14 06:56:02.727349","2019-01-14 06:56:02.727349"
205,"町田駅","JR横浜線ほか",0.2km,"徒歩2分以上",205,"2019-01-14 06:56:03.392684","2019-01-14 06:56:03.392684"
206,"南橋本駅","JR相模線",0.6km,"徒歩9分以上",206,"2019-01-14 06:56:04.463150","2019-01-14 06:56:04.463150"
207,"立川南駅","多摩都市モノレール",0.2km,"徒歩2分以上",207,"2019-01-14 06:56:05.502413","2019-01-14 06:56:05.502413"
208,"町田駅","JR横浜線ほか",0.3km,"徒歩4分以上",208,"2019-01-14 06:56:06.980908","2019-01-14 06:56:06.980908"
209,"町田駅","JR横浜線ほか",0.2km,"徒歩2分以上",209,"2019-01-14 06:56:08.307259","2019-01-14 06:56:08.307259"
210,"立川南駅","多摩都市モノレール",0.3km,"徒歩3分以上",210,"2019-01-14 06:56:09.437268","2019-01-14 06:56:09.437268"
211,"小田急多摩センター駅","小田急多摩線",0.6km,"徒歩8分以上",211,"2019-01-14 06:56:10.601559","2019-01-14 06:56:10.601559"
212,"北野駅","京王京王線ほか",0.1km,"徒歩3分以内",212,"2019-01-14 06:56:11.706042","2019-01-14 06:56:11.706042"
213,"京王堀之内駅","京王相模原線",0.1km,"徒歩1分以上",213,"2019-01-14 06:56:12.996447","2019-01-14 06:56:12.996447"
214,"京王八王子駅","京王京王線","","徒歩3分以内",214,"2019-01-14 06:56:14.194216","2019-01-14 06:56:14.194216"
215,"国立駅","JR中央本線",0.3km,"徒歩3分以上",215,"2019-01-14 06:56:15.207071","2019-01-14 06:56:15.207071"
216,"西八王子駅","JR中央本線",0.8km,"徒歩11分以上",216,"2019-01-14 06:56:16.319650","2019-01-14 06:56:16.319650"
217,"唐木田駅","小田急多摩線",0.1km,"徒歩1分以上",217,"2019-01-14 06:56:17.487604","2019-01-14 06:56:17.487604"
218,"立川南駅","多摩都市モノレール",0.2km,"徒歩2分以上",218,"2019-01-14 06:56:18.534412","2019-01-14 06:56:18.534412"
219,"八王子駅","JR中央本線ほか",0.3km,"徒歩3分以上",219,"2019-01-14 06:56:19.862898","2019-01-14 06:56:19.862898"
220,"西八王子駅","JR中央本線",1.1km,"徒歩16分以上",220,"2019-01-14 06:56:20.976428","2019-01-14 06:56:20.976428"
221,"八王子駅","JR中央本線ほか",0.3km,"徒歩3分以上",221,"2019-01-14 06:56:21.621080","2019-01-14 06:56:21.621080"
222,"相模大野駅","小田急小田原線ほか",0.5km,"徒歩7分以上",222,"2019-01-14 06:56:22.351183","2019-01-14 06:56:22.351183"
223,"立川駅","JR中央本線ほか",0.8km,"徒歩11分以上",223,"2019-01-14 06:56:23.411811","2019-01-14 06:56:23.411811"
224,"立川南駅","多摩都市モノレール",0.2km,"徒歩2分以上",224,"2019-01-14 06:56:25.452835","2019-01-14 06:56:25.452835"
225,"多摩センター駅","多摩都市モノレール",1.6km,"徒歩22分以上",225,"2019-01-14 06:56:26.748841","2019-01-14 06:56:26.748841"
226,"相模大野駅","小田急小田原線ほか",0.2km,"徒歩3分以上",226,"2019-01-14 06:56:27.489198","2019-01-14 06:56:27.489198"
227,"淵野辺駅","JR横浜線",0.1km,"徒歩3分以内",227,"2019-01-14 06:56:28.175218","2019-01-14 06:56:28.175218"
228,"京王堀之内駅","京王相模原線",1.0km,"徒歩13分以上",228,"2019-01-14 06:56:29.292407","2019-01-14 06:56:29.292407"
229,"聖蹟桜ヶ丘駅","京王京王線",0.3km,"徒歩4分以上",229,"2019-01-14 06:56:30.591126","2019-01-14 06:56:30.591126"
230,"町田駅","JR横浜線ほか",0.4km,"徒歩5分以上",230,"2019-01-14 06:56:31.709503","2019-01-14 06:56:31.709503"
231,"町田駅","JR横浜線ほか",0.5km,"徒歩6分以上",231,"2019-01-14 06:56:33.199845","2019-01-14 06:56:33.199845"
232,"国立駅","JR中央本線",0.1km,"徒歩1分以上",232,"2019-01-14 06:56:34.241202","2019-01-14 06:56:34.241202"
233,"京王八王子駅","京王京王線",0.7km,"徒歩10分以上",233,"2019-01-14 06:56:34.876160","2019-01-14 06:56:34.876160"
234,"多摩境駅","京王相模原線",0.5km,"徒歩6分以上",234,"2019-01-14 06:56:36.003631","2019-01-14 06:56:36.003631"
235,"橋本駅","JR横浜線ほか",0.7km,"徒歩9分以上",235,"2019-01-14 06:56:37.193043","2019-01-14 06:56:37.193043"
236,"京王八王子駅","京王京王線",0.3km,"徒歩3分以上",236,"2019-01-14 06:56:38.433423","2019-01-14 06:56:38.433423"
237,"高尾駅","JR中央本線ほか",1.0km,"徒歩14分以上",237,"2019-01-14 06:56:39.083590","2019-01-14 06:56:39.083590"
238,"八王子駅","JR中央本線ほか",0.5km,"徒歩6分以上",238,"2019-01-14 06:56:41.302212","2019-01-14 06:56:41.302212"
239,"相模原駅","JR横浜線",0.2km,"徒歩2分以上",239,"2019-01-14 06:56:42.433517","2019-01-14 06:56:42.433517"
240,"多摩センター駅","多摩都市モノレール",0.3km,"徒歩3分以上",240,"2019-01-14 06:56:43.731684","2019-01-14 06:56:43.731684"
241,"八王子みなみ野駅","JR横浜線",0.1km,"徒歩1分以上",241,"2019-01-14 06:56:44.431231","2019-01-14 06:56:44.431231"
242,"新所沢駅","西武新宿線",0.2km,"徒歩3分以上",242,"2019-01-14 06:56:47.840530","2019-01-14 06:56:47.840530"
243,"金子駅","JR八高線",2.2km,"徒歩30分以上",243,"2019-01-14 06:56:49.247436","2019-01-14 06:56:49.247436"
244,"東村山駅","西武新宿線ほか",0.3km,"徒歩3分以上",244,"2019-01-14 06:56:50.204128","2019-01-14 06:56:50.204128"
245,"国立駅","JR中央本線",0.3km,"徒歩4分以上",245,"2019-01-14 06:56:51.274867","2019-01-14 06:56:51.274867"
246,"所沢駅","西武池袋線ほか",0.2km,"徒歩3分以上",246,"2019-01-14 06:56:53.021271","2019-01-14 06:56:53.021271"
247,"府中競馬正門前駅","京王競馬場線",0.9km,"徒歩12分以上",247,"2019-01-14 06:56:54.001137","2019-01-14 06:56:54.001137"
248,"小手指駅","西武池袋線",0.5km,"徒歩7分以上",248,"2019-01-14 06:56:56.006618","2019-01-14 06:56:56.006618"
249,"国立駅","JR中央本線",0.3km,"徒歩4分以上",249,"2019-01-14 06:56:57.412603","2019-01-14 06:56:57.412603"
250,"東秋留駅","JR五日市線",0.3km,"徒歩4分以上",250,"2019-01-14 06:56:59.970478","2019-01-14 06:56:59.970478"
251,"分倍河原駅","JR南武線ほか",0.6km,"徒歩8分以上",251,"2019-01-14 06:57:00.670490","2019-01-14 06:57:00.670490"
252,"砂川七番駅","多摩都市モノレール",0.3km,"徒歩4分以上",252,"2019-01-14 06:57:02.539183","2019-01-14 06:57:02.539183"
253,"玉川上水駅","西武拝島線ほか",0.4km,"徒歩6分以上",253,"2019-01-14 06:57:06.002348","2019-01-14 06:57:06.002348"
254,"拝島駅","JR青梅線ほか",0.5km,"徒歩6分以上",254,"2019-01-14 06:57:09.435076","2019-01-14 06:57:09.435076"
255,"箱根ヶ崎駅","JR八高線",0.4km,"徒歩5分以上",255,"2019-01-14 06:57:10.513018","2019-01-14 06:57:10.513018"
256,"武蔵砂川駅","西武拝島線",0.5km,"徒歩7分以上",256,"2019-01-14 06:57:11.503221","2019-01-14 06:57:11.503221"
257,"熊川駅","JR五日市線",0.6km,"徒歩8分以上",257,"2019-01-14 06:57:12.183263","2019-01-14 06:57:12.183263"
258,"新所沢駅","西武新宿線",0.2km,"徒歩2分以上",258,"2019-01-14 06:57:13.584390","2019-01-14 06:57:13.584390"
259,"国分寺駅","JR中央本線ほか",0.4km,"徒歩5分以上",259,"2019-01-14 06:57:14.701163","2019-01-14 06:57:14.701163"
260,"国立駅","JR中央本線",0.2km,"徒歩2分以上",260,"2019-01-14 06:57:15.925820","2019-01-14 06:57:15.925820"
261,"国分寺駅","JR中央本線ほか",0.3km,"徒歩3分以上",261,"2019-01-14 06:57:17.189723","2019-01-14 06:57:17.189723"
262,"一橋学園駅","西武多摩湖線",0.2km,"徒歩2分以上",262,"2019-01-14 06:57:18.396465","2019-01-14 06:57:18.396465"
263,"泉体育館駅","多摩都市モノレール",1.4km,"徒歩20分以上",263,"2019-01-14 06:57:19.620173","2019-01-14 06:57:19.620173"
264,"所沢駅","西武池袋線ほか",0.5km,"徒歩7分以上",264,"2019-01-14 06:57:21.728404","2019-01-14 06:57:21.728404"
265,"国立駅","JR中央本線",0.2km,"徒歩2分以上",265,"2019-01-14 06:57:22.886838","2019-01-14 06:57:22.886838"
266,"新所沢駅","西武新宿線",0.2km,"徒歩2分以上",266,"2019-01-14 06:57:25.434520","2019-01-14 06:57:25.434520"
267,"小手指駅","西武池袋線",0.5km,"徒歩6分以上",267,"2019-01-14 06:57:26.666770","2019-01-14 06:57:26.666770"
268,"立川北駅","多摩都市モノレール",0.5km,"徒歩6分以上",268,"2019-01-14 06:57:28.956598","2019-01-14 06:57:28.956598"
269,"府中競馬正門前駅","京王競馬場線",0.6km,"徒歩8分以上",269,"2019-01-14 06:57:29.610960","2019-01-14 06:57:29.610960"
270,"小川駅","西武国分寺線ほか",0.1km,"徒歩2分以上",270,"2019-01-14 06:57:30.807272","2019-01-14 06:57:30.807272"
271,"笹塚駅","京王京王線",0.5km,"徒歩6分以上",271,"2019-01-14 06:57:42.682856","2019-01-14 06:57:42.682856"
272,"下北沢駅","小田急小田原線ほか","","徒歩3分以内",272,"2019-01-14 06:57:48.169605","2019-01-14 06:57:48.169605"
273,"南新宿駅","小田急小田原線",0.4km,"徒歩5分以上",273,"2019-01-14 06:57:52.317095","2019-01-14 06:57:52.317095"
274,"府中競馬正門前駅","京王競馬場線",0.4km,"徒歩5分以上",274,"2019-01-14 06:57:55.094453","2019-01-14 06:57:55.094453"
275,"西荻窪駅","JR中央本線",0.2km,"徒歩3分以上",275,"2019-01-14 06:58:03.317112","2019-01-14 06:58:03.317112"
276,"東高円寺駅","東京メトロ丸ノ内線",1.1km,"徒歩15分以上",276,"2019-01-14 06:58:07.750387","2019-01-14 06:58:07.750387"
277,"調布駅","京王京王線ほか",0.4km,"徒歩5分以上",277,"2019-01-14 06:58:12.238198","2019-01-14 06:58:12.238198"
278,"柴崎駅","京王京王線",0.2km,"徒歩2分以上",278,"2019-01-14 06:58:18.963825","2019-01-14 06:58:18.963825"
279,"下高井戸駅","京王京王線ほか",0.5km,"徒歩6分以上",279,"2019-01-14 06:58:20.397647","2019-01-14 06:58:20.397647"
280,"調布駅","京王京王線ほか",0.5km,"徒歩6分以上",280,"2019-01-14 06:58:21.531320","2019-01-14 06:58:21.531320"
281,"千歳船橋駅","小田急小田原線",0.3km,"徒歩3分以上",281,"2019-01-14 06:58:23.553113","2019-01-14 06:58:23.553113"
282,"武蔵溝ノ口駅","JR南武線",0.3km,"徒歩4分以上",282,"2019-01-14 06:58:32.461852","2019-01-14 06:58:32.461852"
283,"等々力駅","東急大井町線",0.4km,"徒歩5分以上",283,"2019-01-14 06:59:09.947349","2019-01-14 06:59:09.947349"
284,"京王永山駅","京王相模原線",0.6km,"徒歩8分以上",284,"2019-01-14 06:59:18.782645","2019-01-14 06:59:18.782645"
285,"三鷹駅","JR中央本線",0.3km,"徒歩4分以上",285,"2019-01-14 06:59:37.365482","2019-01-14 06:59:37.365482"
286,"武蔵小金井駅","JR中央本線",0.3km,"徒歩3分以上",286,"2019-01-14 06:59:39.176675","2019-01-14 06:59:39.176675"
287,"調布駅","京王京王線ほか",0.1km,"徒歩1分以上",287,"2019-01-14 06:59:42.740644","2019-01-14 06:59:42.740644"
288,"向ヶ丘遊園駅","小田急小田原線",0.5km,"徒歩6分以上",288,"2019-01-14 06:59:46.277730","2019-01-14 06:59:46.277730"
289,"布田駅","京王京王線",0.2km,"徒歩2分以上",289,"2019-01-14 06:59:50.785371","2019-01-14 06:59:50.785371"
290,"武蔵小金井駅","JR中央本線",0.3km,"徒歩3分以上",290,"2019-01-14 06:59:51.957993","2019-01-14 06:59:51.957993"
291,"西調布駅","京王京王線",0.2km,"徒歩2分以上",291,"2019-01-14 06:59:54.158388","2019-01-14 06:59:54.158388"
292,"つつじヶ丘駅","京王京王線",2.3km,"徒歩33分以上",292,"2019-01-14 06:59:54.864749","2019-01-14 06:59:54.864749"
293,"向ヶ丘遊園駅","小田急小田原線",0.5km,"徒歩7分以上",293,"2019-01-14 06:59:55.561411","2019-01-14 06:59:55.561411"
294,"三鷹駅","JR中央本線",0.3km,"徒歩4分以上",294,"2019-01-14 06:59:56.747051","2019-01-14 06:59:56.747051"
295,"国分寺駅","JR中央本線ほか",1.7km,"徒歩23分以上",295,"2019-01-14 06:59:58.076287","2019-01-14 06:59:58.076287"
296,"生田駅","小田急小田原線",1.1km,"徒歩16分以上",296,"2019-01-14 07:00:00.294804","2019-01-14 07:00:00.294804"
297,"武蔵境駅","JR中央本線ほか",0.3km,"徒歩3分以上",297,"2019-01-14 07:00:02.329306","2019-01-14 07:00:02.329306"
298,"東府中駅","京王京王線ほか",0.3km,"徒歩3分以上",298,"2019-01-14 07:00:03.489917","2019-01-14 07:00:03.489917"
299,"井の頭公園駅","京王井の頭線",1.7km,"徒歩24分以上",299,"2019-01-14 07:00:04.838944","2019-01-14 07:00:04.838944"
300,"生田駅","小田急小田原線",1.6km,"徒歩23分以上",300,"2019-01-14 07:00:07.843579","2019-01-14 07:00:07.843579"
301,"国分寺駅","JR中央本線ほか",0.2km,"徒歩2分以上",301,"2019-01-14 07:00:08.958923","2019-01-14 07:00:08.958923"
302,"北府中駅","JR武蔵野線",1.4km,"徒歩19分以上",302,"2019-01-14 07:00:10.602137","2019-01-14 07:00:10.602137"
303,"国分寺駅","JR中央本線ほか",1.6km,"徒歩23分以上",303,"2019-01-14 07:00:11.478860","2019-01-14 07:00:11.478860"
304,"立川駅","JR中央本線ほか",0.5km,"徒歩6分以上",304,"2019-01-14 07:00:46.137297","2019-01-14 07:00:46.137297"
305,"狭間駅","京王高尾線",0.4km,"徒歩6分以上",305,"2019-01-14 07:00:49.442118","2019-01-14 07:00:49.442118"
306,"八王子みなみ野駅","JR横浜線",0.2km,"徒歩3分以上",306,"2019-01-14 07:00:51.266149","2019-01-14 07:00:51.266149"
307,"青葉台駅","東急田園都市線",0.5km,"徒歩6分以上",307,"2019-01-14 07:00:56.657455","2019-01-14 07:00:56.657455"
308,"高円寺駅","JR中央本線",0.2km,"徒歩2分以上",308,"2019-01-14 07:01:28.537582","2019-01-14 07:01:28.537582"
309,"西荻窪駅","JR中央本線",0.3km,"徒歩4分以上",309,"2019-01-14 07:01:29.794410","2019-01-14 07:01:29.794410"
310,"成城学園前駅","小田急小田原線",0.5km,"徒歩7分以上",310,"2019-01-14 07:01:32.329070","2019-01-14 07:01:32.329070"
311,"用賀駅","東急田園都市線",0.2km,"徒歩2分以上",311,"2019-01-14 07:01:33.060388","2019-01-14 07:01:33.060388"
312,"上野毛駅","東急大井町線",1.0km,"徒歩13分以上",312,"2019-01-14 07:01:39.573356","2019-01-14 07:01:39.573356"
313,"西永福駅","京王井の頭線",0.4km,"徒歩5分以上",313,"2019-01-14 07:01:40.254500","2019-01-14 07:01:40.254500"
314,"鶴間駅","小田急江ノ島線",0.2km,"徒歩2分以上",314,"2019-01-14 07:01:42.267310","2019-01-14 07:01:42.267310"
315,"鴨居駅","JR横浜線",0.6km,"徒歩8分以上",315,"2019-01-14 07:01:47.875147","2019-01-14 07:01:47.875147"
316,"江田駅","東急田園都市線",0.5km,"徒歩6分以上",316,"2019-01-14 07:01:53.712469","2019-01-14 07:01:53.712469"
317,"あざみ野駅","横浜市営３号線ほか",0.5km,"徒歩6分以上",317,"2019-01-14 07:01:56.145982","2019-01-14 07:01:56.145982"
318,"希望ヶ丘駅","相鉄本線",0.4km,"徒歩5分以上",318,"2019-01-14 07:01:56.806695","2019-01-14 07:01:56.806695"
319,"センター南駅","横浜市営３号線",0.1km,"徒歩1分以上",319,"2019-01-14 07:01:59.601697","2019-01-14 07:01:59.601697"
320,"たまプラーザ駅","東急田園都市線",0.5km,"徒歩6分以上",320,"2019-01-14 07:02:01.681169","2019-01-14 07:02:01.681169"
321,"成瀬駅","JR横浜線",0.8km,"徒歩11分以上",321,"2019-01-14 07:02:03.465923","2019-01-14 07:02:03.465923"
322,"長津田駅","JR横浜線ほか",0.4km,"徒歩5分以上",322,"2019-01-14 07:02:06.611736","2019-01-14 07:02:06.611736"
323,"鴨居駅","JR横浜線",0.7km,"徒歩9分以上",323,"2019-01-14 07:02:08.156409","2019-01-14 07:02:08.156409"
324,"向ヶ丘遊園駅","小田急小田原線",0.5km,"徒歩6分以上",324,"2019-01-14 07:02:09.490966","2019-01-14 07:02:09.490966"
325,"百合ヶ丘駅","小田急小田原線",0.3km,"徒歩3分以上",325,"2019-01-14 07:02:11.463715","2019-01-14 07:02:11.463715"
326,"中央林間駅","小田急江ノ島線ほか","","徒歩3分以内",326,"2019-01-14 07:02:12.124771","2019-01-14 07:02:12.124771"
327,"成瀬駅","JR横浜線",0.1km,"徒歩1分以上",327,"2019-01-14 07:02:13.254195","2019-01-14 07:02:13.254195"
328,"相模大野駅","小田急小田原線ほか",0.3km,"徒歩4分以上",328,"2019-01-14 07:02:13.928589","2019-01-14 07:02:13.928589"
329,"町田駅","JR横浜線ほか",0.6km,"徒歩8分以上",329,"2019-01-14 07:02:15.001139","2019-01-14 07:02:15.001139"
330,"玉川学園前駅","小田急小田原線",0.9km,"徒歩13分以上",330,"2019-01-14 07:02:15.657513","2019-01-14 07:02:15.657513"
331,"町田駅","JR横浜線ほか",0.4km,"徒歩5分以上",331,"2019-01-14 07:02:16.304410","2019-01-14 07:02:16.304410"
332,"つきみ野駅","東急田園都市線",1.4km,"徒歩20分以上",332,"2019-01-14 07:02:17.042750","2019-01-14 07:02:17.042750"
333,"町田駅","JR横浜線ほか",0.4km,"徒歩5分以上",333,"2019-01-14 07:02:20.335508","2019-01-14 07:02:20.335508"
334,"町田駅","JR横浜線ほか",0.4km,"徒歩5分以上",334,"2019-01-14 07:02:21.503586","2019-01-14 07:02:21.503586"
335,"センター南駅","横浜市営３号線",1.8km,"徒歩25分以上",335,"2019-01-14 07:02:22.210416","2019-01-14 07:02:22.210416"
336,"市が尾駅","東急田園都市線",0.1km,"徒歩1分以上",336,"2019-01-14 07:02:23.393595","2019-01-14 07:02:23.393595"
337,"二俣川駅","相鉄本線ほか",0.4km,"徒歩5分以上",337,"2019-01-14 07:02:24.409814","2019-01-14 07:02:24.409814"
338,"玉川学園前駅","小田急小田原線",0.9km,"徒歩12分以上",338,"2019-01-14 07:02:25.078758","2019-01-14 07:02:25.078758"
339,"成城学園前駅","小田急小田原線",0.5km,"徒歩7分以上",339,"2019-01-14 07:02:49.571350","2019-01-14 07:02:49.571350"
340,"東久留米駅","西武池袋線",0.3km,"徒歩3分以上",340,"2019-01-14 07:02:58.988243","2019-01-14 07:02:58.988243"
341,"石神井公園駅","西武池袋線",0.2km,"徒歩2分以上",341,"2019-01-14 07:03:01.474187","2019-01-14 07:03:01.474187"
342,"吉祥寺駅","JR中央本線ほか",0.5km,"徒歩6分以上",342,"2019-01-14 07:03:04.172275","2019-01-14 07:03:04.172275"
343,"西荻窪駅","JR中央本線",0.2km,"徒歩2分以上",343,"2019-01-14 07:03:08.053538","2019-01-14 07:03:08.053538"
344,"井の頭公園駅","京王井の頭線",0.6km,"徒歩8分以上",344,"2019-01-14 07:03:10.093621","2019-01-14 07:03:10.093621"
345,"吉祥寺駅","JR中央本線ほか",0.3km,"徒歩3分以上",345,"2019-01-14 07:03:13.282779","2019-01-14 07:03:13.282779"
346,"吉祥寺駅","JR中央本線ほか",0.2km,"徒歩2分以上",346,"2019-01-14 07:03:14.580959","2019-01-14 07:03:14.580959"
347,"千歳烏山駅","京王京王線",0.6km,"徒歩8分以上",347,"2019-01-14 07:03:15.751063","2019-01-14 07:03:15.751063"
348,"保谷駅","西武池袋線",0.8km,"徒歩10分以上",348,"2019-01-14 07:03:40.290181","2019-01-14 07:03:40.290181"
349,"石神井公園駅","西武池袋線",0.2km,"徒歩2分以上",349,"2019-01-14 07:03:57.045852","2019-01-14 07:03:57.045852"
350,"吉祥寺駅","JR中央本線ほか",0.5km,"徒歩7分以上",350,"2019-01-14 07:03:58.459597","2019-01-14 07:03:58.459597"
351,"千歳烏山駅","京王京王線",1.3km,"徒歩18分以上",351,"2019-01-14 07:04:02.318905","2019-01-14 07:04:02.318905"
352,"上石神井駅","西武新宿線",0.8km,"徒歩11分以上",352,"2019-01-14 07:04:03.037670","2019-01-14 07:04:03.037670"
353,"京王永山駅","京王相模原線",0.9km,"徒歩13分以上",353,"2019-01-14 07:04:40.950882","2019-01-14 07:04:40.950882"
354,"朝霞台駅","東武東上本線",0.1km,"徒歩1分以上",354,"2019-01-14 07:05:12.319991","2019-01-14 07:05:12.319991"
355,"吉祥寺駅","JR中央本線ほか",0.3km,"徒歩4分以上",355,"2019-01-14 07:05:20.805356","2019-01-14 07:05:20.805356"
356,"武蔵藤沢駅","西武池袋線",0.5km,"徒歩6分以上",356,"2019-01-14 07:05:21.472511","2019-01-14 07:05:21.472511"
357,"吉祥寺駅","JR中央本線ほか",0.6km,"徒歩8分以上",357,"2019-01-14 07:05:23.383199","2019-01-14 07:05:23.383199"
358,"入曽駅","西武新宿線",2.9km,"徒歩41分以上",358,"2019-01-14 07:05:24.496421","2019-01-14 07:05:24.496421"
359,"吉祥寺駅","JR中央本線ほか",0.3km,"徒歩3分以上",359,"2019-01-14 07:05:25.192180","2019-01-14 07:05:25.192180"
360,"吉祥寺駅","JR中央本線ほか",0.2km,"徒歩2分以上",360,"2019-01-14 07:05:29.990269","2019-01-14 07:05:29.990269"
361,"三鷹駅","JR中央本線",0.9km,"徒歩12分以上",361,"2019-01-14 07:05:32.269523","2019-01-14 07:05:32.269523"
362,"西国分寺駅","JR中央本線ほか",0.1km,"徒歩1分以上",362,"2019-01-14 07:06:55.399130","2019-01-14 07:06:55.399130"
363,"国立駅","JR中央本線",0.7km,"徒歩10分以上",363,"2019-01-14 07:06:59.869095","2019-01-14 07:06:59.869095"
364,"国立駅","JR中央本線",0.7km,"徒歩10分以上",364,"2019-01-14 07:07:00.482466","2019-01-14 07:07:00.482466"
365,"武蔵増戸駅","JR五日市線",1.0km,"徒歩14分以上",365,"2019-01-14 07:07:13.767201","2019-01-14 07:07:13.767201"
366,"小手指駅","西武池袋線",0.4km,"徒歩5分以上",366,"2019-01-14 07:07:19.725368","2019-01-14 07:07:19.725368"
367,"八王子駅","JR中央本線ほか",0.6km,"徒歩8分以上",367,"2019-01-14 07:07:22.220685","2019-01-14 07:07:22.220685"
368,"日吉駅","東急東横線",1.2km,"徒歩16分以上",368,"2019-01-14 07:08:03.217456","2019-01-14 07:08:03.217456"
369,"仲町台駅","横浜市営３号線",0.2km,"徒歩3分以上",369,"2019-01-14 07:08:06.485580","2019-01-14 07:08:06.485580"
370,"小平駅","西武新宿線ほか",0.8km,"徒歩11分以上",370,"2019-01-14 07:08:37.777183","2019-01-14 07:08:37.777183"
371,"小川駅","西武国分寺線ほか",0.2km,"徒歩2分以上",371,"2019-01-14 07:08:38.420223","2019-01-14 07:08:38.420223"
372,"小川駅","西武国分寺線ほか",0.1km,"徒歩2分以上",372,"2019-01-14 07:08:40.865740","2019-01-14 07:08:40.865740"
373,"柳瀬川駅","東武東上本線",1.6km,"徒歩22分以上",373,"2019-01-14 07:09:06.291535","2019-01-14 07:09:06.291535"
374,"鶴瀬駅","東武東上本線",0.3km,"徒歩3分以上",374,"2019-01-14 07:09:09.309316","2019-01-14 07:09:09.309316"
375,"保谷駅","西武池袋線",0.6km,"徒歩9分以上",375,"2019-01-14 07:09:26.516757","2019-01-14 07:09:26.516757"
376,"吉祥寺駅","JR中央本線ほか",0.5km,"徒歩7分以上",376,"2019-01-14 07:09:30.558481","2019-01-14 07:09:30.558481"
377,"津田山駅","JR南武線",1.2km,"徒歩16分以上",377,"2019-01-14 07:12:06.755298","2019-01-14 07:12:06.755298"
378,"新桜台駅","西武西武有楽町線",0.2km,"徒歩2分以上",378,"2019-01-14 07:13:16.234756","2019-01-14 07:13:16.234756"
379,"東武練馬駅","東武東上本線",0.3km,"徒歩3分以上",379,"2019-01-14 07:13:21.210689","2019-01-14 07:13:21.210689"
380,"野方駅","西武新宿線",0.3km,"徒歩4分以上",380,"2019-01-14 07:13:22.486099","2019-01-14 07:13:22.486099"
381,"高円寺駅","JR中央本線",0.1km,"徒歩3分以内",381,"2019-01-14 07:13:23.647903","2019-01-14 07:13:23.647903"
382,"下井草駅","西武新宿線",0.4km,"徒歩5分以上",382,"2019-01-14 07:13:24.373182","2019-01-14 07:13:24.373182"
383,"高円寺駅","JR中央本線",0.3km,"徒歩3分以上",383,"2019-01-14 07:13:27.685814","2019-01-14 07:13:27.685814"
384,"阿佐ヶ谷駅","JR中央本線",0.9km,"徒歩12分以上",384,"2019-01-14 07:13:30.262394","2019-01-14 07:13:30.262394"
385,"練馬駅","東京都営大江戸線ほか",0.3km,"徒歩4分以上",385,"2019-01-14 07:13:31.015967","2019-01-14 07:13:31.015967"
386,"八幡山駅","京王京王線",0.7km,"徒歩9分以上",386,"2019-01-14 07:13:32.495844","2019-01-14 07:13:32.495844"
